[
  { "date": "2024-01-01", "name": "元日", "type": "国民の祝日" },
  { "date": "2024-01-08", "name": "成人の日", "type": "国民の祝日" },
  { "date": "2024-02-11", "name": "建国記念の日", "type": "国民の祝日" },
  { "date": "2024-02-12", "name": "振替休日", "type": "振替休日" },
  { "date": "2024-02-23", "name": "天皇誕生日", "type": "国民の祝日" },
  { "date": "2024-03-20", "name": "春分の日", "type": "国民の祝日" },
  { "date": "2024-04-29", "name": "昭和の日", "type": "国民の祝日" },
  { "date": "2024-05-03", "name": "憲法記念日", "type": "国民の祝日" },
  { "date": "2024-05-04", "name": "みどりの日", "type": "国民の祝日" },
  { "date": "2024-05-05", "name": "こどもの日", "type": "国民の祝日" },
  { "date": "2024-05-06", "name": "振替休日", "type": "振替休日" },
  { "date": "2024-07-15", "name": "海の日", "type": "国民の祝日" },
  { "date": "2024-08-11", "name": "山の日", "type": "国民の祝日" },
  { "date": "2024-08-12", "name": "振替休日", "type": "振替休日" },
  { "date": "2024-09-16", "name": "敬老の日", "type": "国民の祝日" },
  { "date": "2024-09-22", "name": "秋分の日", "type": "国民の祝日" },
  { "date": "2024-09-23", "name": "振替休日", "type": "振替休日" },
  { "date": "2024-10-14", "name": "スポーツの日", "type": "国民の祝日" },
  { "date": "2024-11-03", "name": "文化の日", "type": "国民の祝日" },
  { "date": "2024-11-04", "name": "振替休日", "type": "振替休日" },
  { "date": "2024-11-23", "name": "勤労感謝の日", "type": "国民の祝日" }
]
